id,transferencia,banda
1,10.5,88.1
2,10.9,91.2
3,10.6,89.1
4,10.5,88.1
5,11.2,94.4
6,11.4,95.4
7,10.8,90.2
8,10.8,90.2
9,8.50,71.3
10,4.87,60.0

1,9.13,76.5
2,11.0,92.3
3,9.38,78.6
4,10.6,89.1
5,9.25,77.6
6,10.0,83.9
7,10.6,89.1
8,10.8,90.2
9,8.62,72.4
10,10.6,67.4

1,10.5,88.1
2,11.0,92.3
3,10.9,91.2
4,10.9,91.2
5,10.6,89.1
6,10.4,87.0
7,11.8,98.6
8,10.6,89.1
9,10.8,90.2
10,2.62,37.1

1,10.5,88.1
2,11.0,92.3
3,10.6,89.1
4,10.5,88.1
5,11.2,94.4
6,11.5,96.5
7,10.8,90.2
8,10.8,90.2
9,10.8,90.2
10,2.37,33.4

1,10.5,88.1
2,10.9,91.2
3,10.6,89.1
4,10.5,88.1
5,11.2,94.4
6,11.5,96.5
7,10.8,90.2
8,10.9,91.2
9,10.8,90.2
10,2.37,33.4

1,10.5,88.1
2,10.9,91.2
3,10.6,89.1
4,10.5,88.1
5,11.2,94.4
6,11.5,96.5
7,10.6,89.1
8,10.8,90.2
9,10.8,90.2
10,2.62,36.8

1,10.5,88.1
2,11.0,92.3
3,10.9,91.2
4,10.9,91.2
5,10.6,89.1
6,10.4,87.0
7,11.6,97.5
8,10.6,89.1
9,10.8,90.2
10,2.75,39.0

1,10.5,88.1
2,11.0,92.3
3,10.6,89.1
4,10.5,88.1
5,11.2,94.4
6,11.5,96.5
7,10.8,90.2
8,10.8,90.2
9,10.8,90.2
10,2.37,33.8

1,10.5,88.1
2,10.9,91.2
3,10.6,89.1
4,10.5,88.1
5,11.2,94.4
6,11.5,96.5
7,10.8,90.2
8,10.8,90.2
9,10.6,89.1
10,2.62,37.1

1,2.74,23.0
2,2.42,20.3
3,1.67,14.0
4,3.36,28.2
5,3.36,28.2
6,2.29,19.2
7,4.75,39.8
8,3.80,31.9
9,2.50,21.0
10,5.00,41.9
11,3.75,31.5
12,3.62,30.4
13,5.00,41.9
14,2.88,24.1
15,6.63,55.6
16,3.56,29.9
17,6.06,50.8
18,6.70,56.2
19,4.57,38.3
20,4.57,38.3
21,6.85,57.5
22,6.84,57.4
23,4.62,38.8
24,1.04,9.32

1,2.74,23.0
2,2.42,20.3
3,1.67,14.0
4,3.36,28.2
5,3.36,28.2
6,2.29,19.2
7,4.82,40.4
8,3.72,31.2
9,2.50,21.0
10,5.00,41.9
11,3.75,31.5
12,3.62,30.4
13,5.00,41.9
14,2.88,24.1
15,6.65,55.8
16,3.52,29.5
17,5.92,49.7
18,6.76,56.7
19,4.53,38.0
20,6.75,56.6
21,4.42,37.1
22,6.79,57.0
23,3.59,30.1
24,2.53,20.7

1,2.74,23.0
2,2.42,20.3
3,1.74,14.6
4,3.30,27.7
5,3.30,27.7
6,2.23,18.7
7,4.95,41.5
8,3.77,31.6
9,2.47,20.7
10,5.00,41.9
11,3.75,31.5
12,3.62,30.4
13,5.00,41.9
14,2.76,23.2
15,6.39,53.6
16,3.52,29.5
17,5.86,49.1
18,6.57,55.2
19,4.62,38.7
20,6.85,57.5
21,4.57,38.3
22,6.81,57.1
23,4.54,38.1
24,1.81,16.5

1,2.74,23.0
2,2.42,20.3
3,1.67,14.0
4,3.36,28.2
5,3.36,28.2
6,2.29,19.2
7,4.81,40.4
8,3.72,31.2
9,2.50,21.0
10,5.00,41.9
11,3.75,31.5
12,3.62,30.4
13,5.00,41.9
14,2.88,24.1
15,6.65,55.7
16,3.65,30.6
17,5.93,49.8
18,6.75,56.6
19,4.51,37.8
20,4.55,38.2
21,6.88,57.7
22,6.83,57.3
23,4.59,38.5
24,1.13,10.1

1,2.74,23.0
2,2.42,20.3
3,1.73,14.6
4,3.30,27.7
5,3.30,27.7
6,2.23,18.7
7,4.82,40.4
8,3.85,32.3
9,2.45,20.6
10,5.00,41.9
11,3.75,31.5
12,3.62,30.4
13,5.00,41.9
14,2.76,23.1
15,6.27,52.6
16,3.62,30.4
17,5.77,48.4
18,6.70,56.2
19,4.50,37.8
20,6.93,58.2
21,4.62,38.8
22,6.88,57.7
23,4.50,37.7
24,1.84,16.4

1,2.74,23.0
2,2.42,20.3
3,1.74,14.6
4,3.30,27.7
5,3.30,27.7
6,2.23,18.7
7,5.00,42.0
8,3.78,31.7
9,2.38,19.9
10,5.00,41.9
11,3.75,31.5
12,3.50,29.4
13,5.00,41.9
14,2.85,23.9
15,6.30,52.9
16,3.60,30.2
17,5.76,48.3
18,6.74,56.5
19,4.55,38.2
20,6.84,57.4
21,4.57,38.3
22,6.80,57.1
23,3.95,33.1
24,2.51,20.6

1,2.74,23.0
2,2.42,20.3
3,1.67,14.0
4,3.36,28.2
5,3.30,27.7
6,2.35,19.8
7,4.88,41.0
8,3.72,31.2
9,2.47,20.7
10,4.92,41.3
11,3.75,31.5
12,3.62,30.4
13,5.00,41.9
14,2.83,23.8
15,6.26,52.5
16,3.56,29.9
17,5.86,49.2
18,6.67,55.9
19,3.80,31.9
20,6.85,57.5
21,6.83,57.3
22,4.62,38.8
23,4.51,37.8
24,2.59,21.4

1,2.74,23.0
2,2.42,20.3
3,1.67,14.0
4,3.36,28.2
5,3.36,28.2
6,2.29,19.2
7,4.75,39.8
8,3.81,32.0
9,2.50,21.0
10,5.00,41.9
11,3.75,31.5
12,3.62,30.4
13,5.00,41.9
14,2.88,24.1
15,6.55,54.9
16,3.61,30.3
17,5.93,49.7
18,6.78,56.9
19,3.77,31.6
20,6.03,50.6
21,6.83,57.3
22,4.58,38.4
23,4.58,38.4
24,2.79,22.5

1,2.74,23.0
2,2.42,20.3
3,1.67,14.0
4,3.36,28.2
5,3.36,28.2
6,2.29,19.2
7,4.88,40.9
8,3.73,31.3
9,2.47,20.7
10,5.00,41.9
11,3.75,31.5
12,3.62,30.4
13,5.00,41.9
14,2.79,23.4
15,6.31,52.9
16,3.60,30.2
17,5.84,49.0
18,6.66,55.8
19,4.57,38.3
20,6.84,57.4
21,4.58,38.4
22,6.83,57.3
23,4.58,38.4
24,1.70,15.3

1,3.88,32.5
2,2.38,19.9
3,3.25,27.3
4,3.38,28.3
5,3.62,30.4
6,2.75,23.1
7,2.68,22.5
8,2.75,23.1
9,3.68,30.8
10,2.30,19.3
11,2.48,20.8
12,2.62,22.0
13,3.71,31.1
14,2.67,22.4
15,2.91,24.4
16,2.23,18.7
17,2.10,17.7
18,3.49,29.3
19,2.56,21.4
20,2.62,22.0
21,3.30,27.7
22,2.60,21.8
23,2.55,21.4
24,2.55,21.4
25,2.55,21.4
26,2.75,23.1
27,2.60,21.8
28,2.61,21.9
29,2.75,23.1
30,2.47,20.7
31,2.61,21.9
32,2.54,21.3
33,2.47,20.7
34,2.56,21.4
35,2.56,21.4
36,2.75,23.1
37,4.12,34.6
38,2.60,21.8
39,2.60,21.8
40,2.53,21.2
41,2.65,22.2
42,2.62,22.0
43,2.62,22.0
44,2.55,21.4
45,2.55,21.4
46,2.75,23.1
47,2.75,23.1
48,2.75,23.1
49,2.75,23.1
50,2.34,19.6
51,2.34,19.6
52,2.53,21.2
53,2.75,23.1
54,2.75,23.1
55,2.74,23.0
56,2.51,21.0
57,4.12,34.6
58,2.66,22.3
59,2.75,23.1
60,2.74,23.0
61,2.59,21.7
62,2.55,21.4
63,2.75,23.1
64,2.75,23.1
65,2.55,21.4
66,2.52,21.2
67,2.63,22.1
68,2.75,23.1
69,3.98,33.4
70,3.86,32.4
71,2.29,19.2
72,2.42,20.3
73,3.74,31.3
74,2.35,19.7
75,2.73,22.9
76,2.42,20.3
77,2.73,22.9
78,2.75,23.1
79,2.55,21.4
80,2.75,23.1
81,2.55,21.4
82,2.72,22.8
83,2.68,22.5
84,2.75,23.1
85,2.52,21.2
86,2.55,21.4
87,2.68,22.5
88,2.41,20.2
89,2.35,19.7
90,2.56,21.4
91,2.05,17.2
92,2.24,18.8
93,2.24,18.8
94,2.49,20.9
95,2.61,21.9
96,2.74,23.0
97,3.98,33.4
98,2.73,22.9
99,2.73,22.9
100,2.66,22.3
101,2.66,22.3
102,2.42,20.3
103,2.36,19.8
104,2.42,20.3
105,2.61,21.9
106,2.75,23.1
107,2.75,23.1
108,2.68,22.5
109,4.11,34.5
110,2.73,22.9
111,2.73,22.9
112,2.75,23.1
113,2.75,23.1
114,2.73,22.9
115,2.75,23.1
116,2.75,23.1
117,2.75,23.1
118,2.52,21.2
119,2.61,21.9
120,2.75,23.1
121,2.62,22.0
122,2.55,21.4
123,2.67,22.4
124,2.75,23.1
125,2.68,22.5
126,2.68,22.5
127,2.61,21.9
128,2.75,23.1
129,2.61,21.9
130,2.67,22.4
131,2.66,22.3
132,2.75,23.1
133,2.67,22.4
134,2.67,22.4
135,2.61,21.9
136,4.05,33.9
137,2.68,22.5
138,2.35,9.45
139,2.42,20.3
140,2.33,11.2
141,1.22,8.73
142,2.44,17.2

1,4.50,37.7
2,3.38,28.3
3,3.38,28.3
4,3.62,30.4
5,3.38,28.3
6,2.68,22.5
7,2.75,23.1
8,2.74,23.0
9,2.61,21.9
10,2.36,19.8
11,2.41,20.3
12,2.55,21.4
13,2.48,20.8
14,2.67,22.4
15,2.67,22.4
16,2.55,21.4
17,2.49,20.9
18,2.37,19.9
19,4.18,35.1
20,3.42,28.7
21,3.29,27.6
22,2.48,20.8
23,4.12,34.6
24,2.36,19.8
25,2.11,17.7
26,2.75,23.1
27,2.30,19.3
28,2.36,19.8
29,2.61,21.9
30,1.18,9.90
31,4.12,34.6
32,2.24,18.8
33,2.36,19.8
34,2.36,19.8
35,4.12,34.6
36,2.30,19.3
37,2.36,19.8
38,2.17,18.2
39,4.00,33.6
40,2.42,20.3
41,2.36,19.8
42,2.24,18.8
43,4.12,34.6
44,2.11,17.7
45,2.36,19.8
46,2.11,17.7
47,4.12,34.6
48,2.36,19.8
49,2.11,17.7
50,2.30,19.3
51,2.36,19.8
52,4.12,34.6
53,2.36,19.8
54,2.36,19.8
55,4.12,34.6
56,2.24,18.8
57,2.42,20.3
58,2.36,19.8
59,4.00,33.6
60,2.17,18.2
61,2.55,21.4
62,2.30,19.3
63,2.30,19.3
64,4.12,34.6
65,2.75,23.1
66,2.42,20.3
67,3.42,28.7
68,2.98,25.0
69,3.96,33.2
70,2.55,21.4
71,2.24,18.8
72,2.36,19.8
73,2.75,23.1
74,2.42,20.3
75,4.12,34.6
76,1.55,13.0
77,2.75,23.1
78,4.12,34.6
79,2.17,18.2
80,1.43,12.0
81,2.62,22.0
82,2.36,19.8
83,3.86,32.4
84,1.68,14.1
85,4.37,36.6
86,2.12,17.8
87,3.62,30.4
88,1.68,14.1
89,4.12,34.6
90,2.29,19.2
91,2.75,23.1
92,2.75,23.1
93,1.74,14.6
94,2.11,17.7
95,4.00,33.6
96,1.74,14.6
97,1.93,16.2
98,4.12,34.6
99,3.99,33.5
100,2.75,23.1
101,1.43,12.0
102,2.73,22.9
103,2.18,18.3
104,2.55,21.4
105,1.62,13.6
106,2.17,18.2
107,5.50,46.1
108,1.68,14.1
109,4.12,34.6
110,2.05,17.2
111,2.12,17.8
112,2.56,21.4
113,5.38,45.1
114,2.29,19.2
115,5.50,46.1
116,2.75,23.1
117,1.11,10.9
118,2.46,20.7
119,4.12,34.6
120,5.50,46.1
121,5.50,46.1
122,4.12,34.6
123,6.88,57.7
124,4.12,34.6
125,6.75,56.6
126,4.12,34.6
127,6.88,57.7
128,1.84,19.6
129,4.65,32.7

1,3.88,32.5
2,3.38,28.3
3,3.38,28.3
4,3.38,28.3
5,3.38,28.3
6,2.62,22.0
7,2.75,23.1
8,2.75,23.1
9,2.61,21.9
10,2.41,20.2
11,2.48,20.8
12,2.55,21.4
13,3.54,29.7
14,2.74,22.9
15,2.61,21.9
16,2.36,19.8
17,2.23,18.7
18,2.87,24.1
19,2.06,17.3
20,4.10,34.4
21,3.23,27.1
22,2.55,21.4
23,3.91,32.8
24,2.67,22.4
25,2.55,21.4
26,2.75,23.1
27,2.75,23.1
28,2.75,23.1
29,3.98,33.4
30,1.04,8.72
31,2.47,20.7
32,2.66,22.3
33,2.41,20.3
34,2.75,23.1
35,2.75,23.1
36,3.99,33.5
37,2.60,21.8
38,2.75,23.1
39,2.75,23.1
40,2.36,19.8
41,2.47,20.7
42,2.64,22.2
43,2.52,21.1
44,2.56,21.4
45,2.75,23.1
46,2.75,23.1
47,2.75,23.1
48,2.75,23.1
49,2.53,21.2
50,2.75,23.1
51,2.75,23.1
52,2.62,22.0
53,2.34,19.6
54,2.52,21.1
55,2.52,21.1
56,2.56,21.4
57,2.75,23.1
58,2.67,22.4
59,2.75,23.1
60,2.75,23.1
61,2.46,20.7
62,2.75,23.1
63,2.72,22.8
64,2.65,22.2
65,2.55,21.4
66,2.73,22.9
67,2.68,22.5
68,2.67,22.4
69,4.12,34.6
70,1.85,15.5
71,1.67,14.0
72,2.39,20.1
73,3.92,32.9
74,2.61,21.9
75,2.73,22.9
76,2.54,21.3
77,4.12,34.6
78,2.42,20.3
79,2.61,21.9
80,2.53,21.2
81,2.68,22.5
82,2.67,22.4
83,2.66,22.3
84,2.67,22.4
85,3.98,33.4
86,2.61,21.9
87,2.24,18.8
88,2.61,21.9
89,2.73,22.9
90,1.98,16.7
91,2.55,21.4
92,2.62,22.0
93,2.37,19.9
94,2.55,21.4
95,2.75,23.1
96,2.29,19.2
97,2.75,23.1
98,2.75,23.1
99,2.30,19.3
100,2.42,20.3
101,4.12,34.6
102,2.63,22.1
103,2.24,18.8
104,2.30,19.3
105,2.75,23.1
106,2.17,18.2
107,2.42,20.3
108,2.75,23.1
109,4.05,33.9
110,2.75,23.1
111,2.55,21.4
112,2.30,19.3
113,2.60,21.8
114,2.64,22.1
115,2.48,20.8
116,2.74,23.0
117,2.67,22.4
118,2.55,21.4
119,2.55,21.4
120,2.55,21.4
121,4.12,34.6
122,2.24,18.8
123,2.42,20.3
124,2.75,23.1
125,3.91,32.8
126,2.17,18.2
127,2.18,18.3
128,2.31,19.3
129,4.12,34.6
130,2.67,22.4
131,2.42,20.3
132,2.11,17.7
133,2.07,11.9
134,2.24,18.8
135,2.36,19.8
136,4.12,34.6
137,1.18,9.25
138,4.12,34.6
139,4.12,34.6
140,4.72,32.7

1,4.00,33.6
2,3.25,27.3
3,1.88,15.7
4,3.50,29.4
5,3.75,31.5
6,2.75,23.1
7,4.00,33.6
8,2.75,23.1
9,2.50,21.0
10,2.47,20.7
11,2.75,23.1
12,1.75,14.7
13,3.90,32.7
14,2.46,20.6
15,2.05,17.2
16,2.75,23.1
17,3.67,30.7
18,4.17,35.0
19,1.80,15.1
20,3.79,31.8
21,3.23,27.1
22,2.75,23.1
23,2.66,22.3
24,1.99,16.7
25,2.68,22.5
26,4.12,34.6
27,2.24,18.8
28,2.42,20.3
29,2.41,20.3
30,4.00,33.6
31,2.05,17.2
32,2.61,21.9
33,2.42,20.3
34,4.12,34.6
35,2.61,21.9
36,1.99,16.7
37,1.99,16.7
38,2.75,23.1
39,2.24,18.8
40,2.11,17.7
41,2.55,21.4
42,4.12,34.6
43,2.55,21.4
44,2.42,20.3
45,2.55,21.4
46,1.18,9.90
47,4.12,34.6
48,1.92,16.1
49,2.61,21.9
50,1.92,16.1
51,4.00,33.6
52,2.17,18.2
53,2.18,18.3
54,2.67,22.4
55,4.12,34.6
56,2.49,20.9
57,2.36,19.8
58,2.55,21.4
59,4.12,34.6
60,2.67,22.4
61,1.92,16.1
62,2.12,17.8
63,2.49,20.9
64,4.12,34.6
65,3.43,28.7
66,2.66,22.3
67,2.24,18.8
68,1.54,12.9
69,2.05,17.2
70,2.17,18.2
71,2.75,23.1
72,2.36,19.8
73,4.12,34.6
74,2.75,23.1
75,2.24,18.8
76,1.86,15.6
77,2.75,23.1
78,1.87,15.7
79,3.64,30.5
80,4.13,34.6
81,3.29,27.6
82,2.29,19.3
83,4.12,34.6
84,2.42,20.3
85,2.61,21.9
86,2.75,23.1
87,2.17,18.2
88,2.55,21.4
89,2.61,21.9
90,2.24,18.8
91,4.12,34.6
92,2.49,20.9
93,2.49,20.9
94,2.75,23.1
95,2.24,18.8
96,2.48,20.8
97,2.61,21.9
98,2.11,17.7
99,4.12,34.6
100,2.36,19.8
101,2.24,18.8
102,2.30,19.3
103,4.00,33.6
104,2.73,22.9
105,2.75,23.1
106,2.05,17.2
107,1.25,7.84
108,2.24,18.8
109,2.47,20.7
110,2.43,20.4
111,2.49,20.9
112,2.75,23.1
113,4.12,34.6
114,4.12,34.6
115,4.12,34.6
116,2.75,23.1
117,4.12,34.6
118,4.12,34.6
119,2.75,23.1
120,4.12,34.6
121,4.12,34.6
122,2.75,23.1
123,2.75,23.1
124,4.12,34.6
125,4.12,34.6
126,4.00,33.6
127,4.12,34.6
128,2.62,22.0
129,2.21,13.7
130,2.20,12.3
131,8.25,69.2
132,9.17,65.0

1,2.75,23.1
2,3.50,29.4
3,3.75,31.5
4,2.62,22.0
5,2.62,22.0
6,1.75,14.7
7,1.75,14.7
8,4.12,34.6
9,4.12,34.6
10,2.75,23.1
11,4.12,34.6
12,3.00,25.2
13,3.00,25.2
14,2.75,23.1
15,4.08,34.2
16,2.11,17.7
17,2.24,18.8
18,2.75,23.1
19,2.55,21.4
20,1.79,15.1
21,1.67,14.0
22,3.02,25.4
23,1.74,14.6
24,2.61,21.9
25,5.73,48.1
26,2.75,23.1
27,2.75,23.1
28,2.16,18.2
29,1.24,10.4
30,2.74,23.0
31,4.12,34.6
32,4.06,34.1
33,2.75,23.1
34,4.00,33.6
35,2.97,24.9
36,3.62,30.3
37,5.66,47.5
38,2.30,19.3
39,5.50,46.1
40,4.12,34.6
41,1.55,13.0
42,2.62,22.0
43,4.12,34.6
44,1.68,14.1
45,4.12,34.6
46,4.12,34.6
47,1.30,10.9
48,4.12,34.6
49,4.12,34.6
50,1.86,15.6
51,5.38,45.1
52,4.12,34.6
53,1.30,10.9
54,2.54,21.3
55,4.12,34.6
56,1.74,14.6
57,4.12,34.6
58,5.50,46.1
59,1.43,12.0
60,4.12,34.6
61,4.09,34.3
62,1.43,12.0
63,2.53,21.2
64,5.38,45.1
65,1.06,8.87
66,1.87,15.7
67,4.12,34.6
68,4.12,34.6
69,1.49,12.5
70,4.12,34.6
71,3.96,33.2
72,1.49,12.5
73,3.30,27.7
74,1.87,15.7
75,3.73,31.3
76,4.62,38.8
77,1.80,15.1
78,2.75,23.1
79,1.93,16.2
80,2.75,23.1
81,1.80,15.1
82,4.12,34.6
83,1.43,12.0
84,2.18,18.3
85,4.12,34.6
86,4.12,34.6
87,1.37,11.5
88,1.68,14.1
89,2.07,14.3
90,1.74,14.6
91,2.39,13.2
92,2.18,18.3
93,5.37,45.0
94,4.12,34.6
95,6.75,56.6
96,6.88,57.7
97,5.38,45.1
98,5.50,46.1
99,4.12,34.6
100,6.88,57.7
101,4.12,34.6
102,4.12,34.6
103,6.75,56.6
104,5.50,46.1
105,6.75,56.6
106,6.88,57.7
107,8.25,69.2
108,8.12,68.2
109,2.43,32.8

1,4.38,36.7
2,2.38,19.9
3,3.38,28.3
4,3.38,28.3
5,3.50,29.4
6,2.75,23.1
7,2.68,22.5
8,3.97,33.3
9,2.68,22.5
10,2.54,21.3
11,2.48,20.8
12,2.43,20.4
13,2.74,23.0
14,2.48,20.8
15,2.42,20.3
16,2.73,22.9
17,2.10,17.6
18,2.56,21.5
19,3.72,31.2
20,3.67,30.8
21,3.17,26.6
22,2.61,21.9
23,2.48,20.8
24,2.55,21.4
25,2.53,21.3
26,2.61,21.9
27,2.75,23.1
28,2.68,22.5
29,2.73,22.9
30,2.66,22.4
31,2.53,21.2
32,2.62,22.0
33,2.55,21.4
34,2.75,23.1
35,2.67,22.4
36,2.54,21.3
37,2.73,22.9
38,2.75,23.1
39,2.55,21.4
40,2.62,22.0
41,2.61,21.9
42,2.52,21.1
43,2.73,22.9
44,2.73,22.9
45,2.61,21.9
46,2.55,21.4
47,2.55,21.4
48,2.74,23.0
49,4.12,34.6
50,2.73,22.9
51,2.75,23.1
52,2.54,21.3
53,2.75,23.1
54,2.55,21.4
55,2.46,20.7
56,2.73,22.9
57,2.51,21.0
58,2.73,22.9
59,2.75,23.1
60,2.74,23.0
61,2.68,22.5
62,2.67,22.4
63,2.66,22.3
64,2.75,23.1
65,2.73,22.9
66,2.68,22.5
67,2.75,23.1
68,2.55,21.4
69,2.68,22.5
70,2.16,18.2
71,3.01,25.2
72,3.60,30.2
73,3.49,29.2
74,2.75,23.1
75,2.73,22.9
76,2.73,22.9
77,2.67,22.4
78,2.60,21.8
79,2.61,21.9
80,2.61,21.9
81,2.61,21.9
82,2.74,23.0
83,2.67,22.4
84,2.67,22.4
85,2.67,22.4
86,2.49,20.9
87,2.54,21.3
88,2.55,21.4
89,2.67,22.4
90,2.11,17.7
91,2.30,19.3
92,2.68,22.5
93,2.62,22.0
94,2.48,20.8
95,2.60,21.8
96,4.12,34.6
97,4.11,34.5
98,2.73,22.9
99,2.40,20.1
100,2.73,22.9
101,2.66,22.3
102,2.55,21.4
103,2.75,23.1
104,2.67,22.4
105,2.61,21.9
106,2.73,22.9
107,2.75,23.1
108,2.61,21.9
109,2.67,22.4
110,2.75,23.1
111,2.75,23.1
112,2.73,22.9
113,2.75,23.1
114,2.73,22.9
115,2.75,23.1
116,2.73,22.9
117,2.75,23.1
118,2.66,22.3
119,2.75,23.1
120,2.67,22.4
121,2.45,20.6
122,2.61,21.9
123,2.59,21.8
124,2.55,21.4
125,2.74,23.0
126,2.75,23.1
127,2.74,23.0
128,2.74,23.0
129,2.66,22.3
130,2.67,22.4
131,2.59,21.8
132,2.66,22.3
133,2.61,21.9
134,2.74,23.0
135,2.55,21.4
136,2.67,22.4
137,2.58,10.8
138,2.73,22.9
139,2.67,22.4
140,2.73,22.9
141,1.08,7.60

1,4.25,35.7
2,3.38,28.3
3,3.25,27.3
4,3.38,28.3
5,3.50,29.4
6,2.62,22.0
7,2.75,23.1
8,2.74,23.0
9,2.72,22.8
10,2.55,21.4
11,3.59,30.1
12,2.55,21.4
13,3.67,30.8
14,2.75,23.1
15,2.42,20.3
16,2.35,19.7
17,2.10,17.7
18,2.37,19.9
19,3.29,27.6
20,2.43,20.4
21,3.23,27.1
22,2.48,20.8
23,2.42,20.3
24,4.12,34.6
25,2.42,20.3
26,2.75,23.1
27,2.17,18.2
28,2.42,20.3
29,2.36,19.8
30,4.12,34.6
31,2.49,20.9
32,2.48,20.8
33,2.17,18.2
34,4.12,34.6
35,2.36,19.8
36,2.30,19.3
37,2.42,20.3
38,4.00,33.6
39,2.30,19.3
40,2.24,18.8
41,2.24,18.8
42,1.24,10.4
43,4.12,34.6
44,2.17,18.2
45,2.05,17.2
46,2.36,19.8
47,4.12,34.6
48,2.36,19.8
49,2.24,18.8
50,2.24,18.8
51,2.30,19.3
52,4.12,34.6
53,2.36,19.8
54,2.11,17.7
55,2.36,19.8
56,4.12,34.6
57,2.24,18.8
58,2.17,18.2
59,2.24,18.8
60,4.12,34.6
61,2.42,20.3
62,2.61,21.9
63,2.11,17.7
64,2.24,18.8
65,4.00,33.6
66,2.17,18.2
67,2.62,22.0
68,2.60,21.8
69,2.30,19.3
70,3.00,25.2
71,2.61,21.9
72,2.49,20.9
73,2.30,19.3
74,2.23,18.7
75,4.12,34.6
76,2.30,19.3
77,4.12,34.6
78,2.45,20.6
79,2.77,23.3
80,2.06,17.2
81,3.17,26.6
82,4.12,34.6
83,2.67,22.4
84,2.29,19.3
85,2.36,19.8
86,2.42,20.3
87,2.43,20.4
88,2.42,20.3
89,4.12,34.6
90,2.23,18.7
91,2.75,23.1
92,2.04,17.1
93,2.36,19.8
94,2.74,22.9
95,2.61,21.9
96,4.12,34.6
97,2.55,21.4
98,2.75,23.1
99,2.30,19.3
100,2.11,17.7
101,2.36,19.8
102,2.73,22.9
103,2.49,20.9
104,4.00,33.6
105,2.55,21.4
106,2.30,19.3
107,2.24,18.8
108,2.36,19.8
109,2.20,12.0
110,2.73,22.9
111,2.67,22.4
112,2.74,23.0
113,4.12,34.6
114,4.12,34.6
115,4.12,34.6
116,2.75,23.1
117,2.75,23.1
118,4.12,34.6
119,4.00,33.6
120,4.12,34.6
121,4.00,33.6
122,2.75,23.1
123,4.12,34.6
124,4.12,34.6
125,2.75,23.1
126,2.75,23.1
127,4.12,34.6
128,4.00,33.6
129,4.12,34.6
130,4.12,34.6
131,2.75,23.1
132,4.12,34.6
133,1.20,6.93
134,4.05,28.6

1,4.50,37.7
2,3.38,28.3
3,3.38,28.3
4,3.38,28.3
5,3.50,29.4
6,2.75,23.1
7,2.75,23.1
8,2.74,23.0
9,2.72,22.8
10,2.41,20.2
11,2.41,20.2
12,2.49,20.9
13,2.55,21.4
14,2.73,22.9
15,2.61,21.9
16,2.54,21.3
17,2.10,17.6
18,2.49,20.9
19,2.43,20.4
20,4.24,35.6
21,3.36,28.2
22,2.17,18.2
23,2.42,20.3
24,4.12,34.6
25,2.49,20.9
26,2.36,19.8
27,2.36,19.8
28,4.12,34.6
29,2.24,18.8
30,2.75,23.1
31,2.30,19.3
32,2.36,19.8
33,2.17,18.2
34,4.12,34.6
35,2.36,19.8
36,2.30,19.3
37,2.30,19.3
38,1.24,10.4
39,4.00,33.6
40,2.17,18.2
41,2.42,20.3
42,2.24,18.8
43,4.12,34.6
44,2.42,20.3
45,2.11,17.7
46,2.30,19.3
47,2.30,19.3
48,4.12,34.6
49,2.30,19.3
50,2.42,20.3
51,2.36,19.8
52,4.12,34.6
53,2.11,17.7
54,2.11,17.7
55,2.17,18.2
56,4.12,34.6
57,2.36,19.8
58,2.11,17.7
59,2.05,17.2
60,4.00,33.6
61,2.42,20.3
62,2.42,20.3
63,2.42,20.3
64,4.12,34.6
65,2.30,19.3
66,2.42,20.3
67,2.42,20.3
68,2.72,22.8
69,2.36,19.8
70,2.37,19.9
71,2.05,17.2
72,2.31,19.3
73,5.30,44.5
74,2.23,18.7
75,2.17,18.2
76,2.29,19.2
77,4.12,34.6
78,4.00,33.6
79,2.05,17.2
80,2.05,17.2
81,2.18,18.3
82,2.05,17.2
83,1.93,16.2
84,2.05,17.2
85,5.50,46.1
86,1.86,15.6
87,1.99,16.7
88,1.99,16.7
89,5.50,46.1
90,2.11,17.7
91,4.12,34.6
92,2.05,17.2
93,2.11,17.7
94,1.99,16.7
95,1.80,15.1
96,1.99,16.7
97,4.96,25.6
98,1.99,16.7
99,3.24,27.2
100,3.42,28.7
101,2.75,23.1
102,4.12,34.6
103,2.75,23.1
104,4.12,34.6
105,4.12,34.6
106,4.12,34.6
107,2.62,22.0
108,2.75,23.1
109,4.12,34.6
110,2.75,23.1
111,4.12,34.6
112,4.12,34.6
113,4.12,34.6
114,4.12,34.6
115,4.12,34.6
116,2.62,22.0
117,2.75,23.1
118,2.62,22.0
119,4.12,34.6
120,4.12,34.6
121,4.12,34.6
122,2.75,23.1
123,4.12,34.6
124,4.12,34.6
125,2.75,23.1
126,2.62,22.0
127,4.12,34.6
128,4.12,34.6
129,4.12,34.6
130,4.12,34.6
131,1.14,7.99

1,4.50,37.7
2,3.25,27.3
3,3.62,30.4
4,2.12,17.8
5,3.62,30.4
6,1.62,13.6
7,2.75,23.1
8,4.00,33.6
9,4.12,34.6
10,2.53,21.3
11,2.47,20.7
12,2.65,22.3
13,2.81,23.6
14,2.75,23.1
15,3.73,31.3
16,3.17,26.6
17,1.73,14.5
18,3.38,28.3
19,3.79,31.8
20,3.38,28.3
21,2.18,18.3
22,4.12,34.6
23,2.59,21.8
24,2.16,18.1
25,1.93,16.2
26,1.12,9.39
27,2.62,22.0
28,2.42,20.3
29,2.24,18.8
30,2.17,18.2
31,4.12,34.6
32,2.61,21.9
33,2.42,20.3
34,2.05,17.2
35,4.12,34.6
36,2.61,21.9
37,2.49,20.9
38,2.30,19.3
39,4.12,34.6
40,2.23,18.7
41,2.42,20.3
42,2.42,20.3
43,4.12,34.6
44,2.43,20.3
45,2.24,18.8
46,1.99,16.7
47,4.12,34.6
48,2.61,21.9
49,2.18,18.3
50,2.18,18.3
51,4.00,33.6
52,2.55,21.4
53,2.49,20.9
54,2.75,23.1
55,2.36,19.8
56,2.18,18.3
57,2.49,20.9
58,2.17,18.2
59,2.17,18.2
60,2.05,17.2
61,5.50,46.1
62,2.30,19.3
63,2.75,23.1
64,2.56,21.5
65,2.67,22.4
66,2.11,17.7
67,2.23,18.7
68,4.12,34.6
69,1.55,13.0
70,3.67,30.8
71,2.75,23.1
72,2.75,23.1
73,2.86,24.0
74,2.35,19.7
75,4.00,33.6
76,4.12,34.6
77,1.37,11.5
78,2.75,23.1
79,1.92,16.1
80,1.12,9.37
81,4.12,34.6
82,2.49,20.9
83,2.58,21.7
84,1.99,16.7
85,1.24,10.4
86,4.12,34.6
87,2.61,21.9
88,4.88,40.9
89,1.55,13.0
90,4.12,34.6
91,2.75,23.1
92,2.17,18.2
93,1.43,12.0
94,4.00,33.6
95,2.17,18.2
96,4.00,33.6
97,1.37,11.5
98,4.12,34.6
99,2.30,19.3
100,2.75,23.1
101,2.75,23.1
102,2.42,20.3
103,4.12,34.6
104,1.37,11.5
105,4.12,34.6
106,2.11,17.7
107,1.24,10.4
108,3.53,16.9
109,4.12,34.6
110,2.05,17.2
111,1.43,12.0
112,6.20,36.1
113,1.74,14.6
114,4.12,34.6
115,4.03,33.8
116,2.31,19.3
117,6.75,56.6
118,4.12,34.6
119,4.12,34.6
120,6.88,57.7
121,5.50,46.1
122,5.50,46.1
123,6.75,56.6
124,11.0,92.3
125,10.2,67.3

1,1.24,10.4
2,1.24,10.4
3,1.24,10.4
4,2.74,23.0
5,1.06,8.86
6,1.06,8.86
7,1.06,8.86
8,1.11,9.32
9,1.12,9.38
10,1.12,9.38
11,1.68,14.1
12,1.24,10.4
13,1.31,11.0
14,1.37,11.5
15,1.37,11.5
16,1.56,13.1
17,1.43,12.0
18,1.05,8.84
19,2.11,17.7
20,1.25,10.4
21,1.50,12.5
22,1.74,14.6
23,1.43,12.0
24,1.37,11.5
25,1.37,11.5
26,1.81,15.1
27,2.74,23.0
28,1.30,10.9
29,1.31,11.0
30,1.37,11.5
31,2.79,23.4
32,1.68,14.1
33,1.87,15.7
34,1.87,15.7
35,3.17,26.6
36,1.55,13.0
37,1.05,8.84
38,1.06,8.86
39,2.05,17.2
40,2.43,20.4
41,2.49,20.9
42,3.54,29.7
43,3.30,27.7
44,3.00,25.2
45,1.74,14.6
46,2.99,25.0
47,3.05,25.6
48,1.74,14.6
49,1.80,15.1
50,2.92,24.5
51,3.20,26.8
52,2.01,16.8
53,3.05,25.6
54,1.96,16.5
55,2.29,19.3
56,1.29,10.8
57,1.28,10.7
58,1.75,14.7
59,3.50,29.4
60,3.50,29.4
61,4.12,34.6
62,3.96,33.2
63,2.62,22.0
64,1.79,15.0
65,2.96,24.8
66,3.43,28.8
67,3.59,30.1
68,2.45,20.5
69,1.86,15.6
70,2.35,19.7
71,2.62,22.0
72,2.75,23.1
73,2.12,17.8
74,3.51,29.4
75,1.93,16.2
76,2.24,18.8
77,1.20,10.1
78,1.74,14.6
79,3.62,30.4
80,3.69,31.0
81,1.62,13.6
82,3.73,31.3
83,2.75,23.1
84,3.05,25.6
85,3.37,28.3
86,2.75,23.1
87,1.49,12.5
88,2.75,23.1
89,3.41,28.6
90,2.23,18.7
91,3.60,30.2
92,3.67,30.7
93,2.35,19.7
94,1.68,14.1
95,2.62,22.0
96,2.75,23.1
97,2.67,22.4
98,1.62,13.6
99,3.85,32.3
100,3.67,30.8
101,2.35,19.7
102,2.60,21.8
103,4.00,33.6
104,2.67,22.4
105,2.75,23.1
106,1.62,13.6
107,3.85,32.3
108,2.48,20.8
109,3.60,30.2
110,4.00,33.5
111,2.56,21.5
112,1.68,14.1
113,2.75,23.1
114,4.12,34.6
115,2.63,22.0
116,2.68,22.5
117,1.68,14.1
118,3.85,32.3
119,2.62,22.0
120,2.42,20.3
121,4.02,33.7
122,2.48,20.8
123,3.62,30.4
124,2.75,23.1
125,1.74,14.6
126,2.74,22.9
127,4.02,33.7
128,3.16,15.4
129,2.69,22.5
130,1.99,16.7
131,3.93,33.0
132,2.05,17.2
133,4.00,33.6
134,3.95,33.2
135,2.54,21.3
136,2.75,23.1
137,1.49,12.5
138,2.68,22.5
139,3.91,32.8
140,4.32,20.0
141,3.94,33.1
142,1.79,15.0
143,3.42,28.7
144,3.73,31.3
145,3.71,31.1
146,3.88,32.5
147,3.62,30.4
148,5.81,48.7
149,3.52,29.5
150,5.78,30.0

1,1.24,10.4
2,1.24,10.4
3,1.24,10.4
4,2.74,23.0
5,1.06,8.86
6,1.06,8.86
7,1.06,8.86
8,1.11,9.32
9,1.12,9.38
10,1.12,9.38
11,1.68,14.1
12,1.30,10.9
13,1.31,11.0
14,1.37,11.5
15,1.37,11.5
16,1.49,12.5
17,1.43,12.0
18,1.18,9.89
19,2.11,17.7
20,1.12,9.40
21,1.50,12.5
22,1.67,14.1
23,1.43,12.0
24,1.37,11.5
25,1.37,11.5
26,1.87,15.7
27,1.24,10.4
28,2.67,22.4
29,1.37,11.5
30,1.80,15.1
31,1.37,11.5
32,1.68,14.1
33,1.87,15.7
34,1.87,15.7
35,3.29,27.6
36,2.56,21.5
37,1.61,13.5
38,1.06,8.86
39,2.49,20.9
40,1.87,15.7
41,2.49,20.9
42,3.61,30.3
43,2.74,23.0
44,3.10,26.0
45,3.05,25.6
46,3.05,25.6
47,1.68,14.1
48,1.76,14.8
49,2.97,24.9
50,3.58,30.1
51,2.06,17.3
52,3.05,25.5
53,1.84,15.4
54,2.25,18.9
55,1.23,10.3
56,1.38,11.6
57,1.55,13.0
58,2.40,20.1
59,4.00,33.6
60,4.12,34.6
61,3.62,30.4
62,5.21,43.7
63,2.47,20.7
64,2.21,18.5
65,1.83,15.4
66,2.42,20.3
67,1.24,10.4
68,2.62,22.0
69,4.00,33.6
70,4.00,33.6
71,1.37,11.5
72,2.65,22.3
73,2.50,21.0
74,2.80,23.5
75,3.75,31.5
76,2.79,23.4
77,1.42,11.9
78,4.73,39.7
79,1.61,13.5
80,2.30,19.3
81,3.75,31.5
82,2.62,22.0
83,3.47,29.1
84,1.49,12.5
85,2.80,23.5
86,3.75,31.5
87,1.49,12.5
88,2.38,19.9
89,1.48,12.4
90,3.67,30.8
91,2.37,19.8
92,3.75,31.5
93,2.80,23.5
94,2.98,25.0
95,1.49,12.5
96,3.75,31.5
97,1.49,12.5
98,4.78,40.1
99,1.55,13.0
100,1.61,13.5
101,2.47,20.7
102,3.75,31.5
103,2.50,21.0
104,3.62,30.4
105,2.80,23.5
106,2.87,24.0
107,3.75,31.5
108,1.62,13.6
109,1.55,13.0
110,3.62,30.4
111,1.67,14.0
112,2.59,21.8
113,1.55,13.0
114,3.62,30.4
115,2.38,19.9
116,3.63,30.5
117,2.75,23.1
118,2.93,24.6
119,3.62,30.4
120,1.55,13.0
121,1.79,15.0
122,3.56,29.9
123,2.48,20.8
124,1.73,14.5
125,3.75,31.5
126,3.05,25.6
127,1.55,13.0
128,3.62,30.4
129,1.55,13.0
130,2.83,14.1
131,2.17,18.2
132,2.50,21.0
133,3.75,31.5
134,2.90,24.3
135,1.36,11.4
136,3.62,30.4
137,1.68,14.1
138,5.00,41.9
139,3.81,20.7
140,2.62,22.0
141,1.05,8.83
142,2.12,17.8
143,5.00,41.9
144,3.75,31.5
145,1.36,11.4
146,3.75,31.5
147,1.74,14.6
148,5.00,41.9
149,2.11,17.7
150,4.45,25.6
151,2.18,18.3
152,1.05,8.82
153,2.12,17.8
154,2.17,18.2
155,1.17,9.86
156,2.31,19.3
157,2.55,21.4
158,1.61,13.5
159,2.92,24.5
160,2.32,11.1

1,1.24,10.4
2,1.24,10.4
3,1.24,10.4
4,2.74,23.0
5,1.06,8.86
6,1.06,8.86
7,1.06,8.86
8,2.42,20.3
9,1.67,14.0
10,1.12,9.41
11,1.12,9.41
12,1.12,9.41
13,3.48,29.2
14,1.37,11.5
15,1.37,11.5
16,1.37,11.5
17,3.23,27.1
18,2.17,18.2
19,1.56,13.1
20,1.62,13.6
21,1.62,13.6
22,4.82,40.4
23,1.30,10.9
24,1.37,11.5
25,1.37,11.5
26,3.82,32.0
27,3.75,31.5
28,1.43,12.0
29,1.56,13.1
30,1.43,12.0
31,3.75,31.5
32,3.62,30.4
33,1.43,12.0
34,1.12,9.36
35,1.18,9.89
36,3.75,31.5
37,1.49,12.5
38,1.81,15.2
39,1.81,15.2
40,2.42,20.3
41,1.99,16.7
42,1.99,16.7
43,5.00,41.9
44,2.51,21.0
45,2.05,17.2
46,2.05,17.2
47,2.92,24.5
48,3.88,32.5
49,2.30,19.3
50,1.86,15.6
51,3.30,27.7
52,3.04,25.5
53,2.21,18.6
54,2.43,20.4
55,1.28,10.7
56,1.51,12.7
57,1.07,8.95
58,3.10,26.0
59,3.49,29.2
60,4.16,34.9
61,3.66,30.7
62,4.87,40.9
63,2.45,20.5
64,2.43,20.4
65,3.50,29.4
66,2.37,19.8
67,3.62,30.4
68,1.24,10.4
69,3.51,29.4
70,1.24,10.4
71,3.23,27.1
72,2.61,21.9
73,2.24,18.8
74,3.75,31.5
75,2.75,23.1
76,1.36,11.4
77,3.74,31.4
78,1.74,14.6
79,4.50,37.7
80,2.49,20.9
81,3.42,28.7
82,2.73,22.9
83,2.40,20.2
84,1.73,14.5
85,4.75,39.8
86,1.43,12.0
87,3.38,28.3
88,1.37,11.5
89,3.35,28.1
90,1.48,12.5
91,2.13,17.9
92,1.43,12.0
93,5.25,44.0
94,2.62,22.0
95,3.50,29.4
96,3.31,27.8
97,1.12,9.36
98,2.74,23.0
99,1.30,10.9
100,2.67,19.9
101,3.50,29.4
102,1.18,9.86
103,3.88,32.5
104,2.31,19.3
105,2.87,24.1
106,3.88,32.5
107,1.54,13.0
108,1.24,10.4
109,3.75,31.5
110,2.75,23.1
111,2.68,22.5
112,3.75,31.5
113,1.42,11.9
114,3.09,25.9
115,2.73,22.9
116,1.55,13.0
117,5.12,43.0
118,3.75,31.5
119,2.68,22.5
120,3.29,27.6
121,1.49,12.5
122,1.80,15.1
123,3.75,31.5
124,1.42,11.9
125,3.62,30.4
126,3.68,30.9
127,2.96,24.8
128,3.75,31.5
129,2.80,23.5
130,2.12,18.3
131,2.75,23.1
132,3.66,30.7
133,2.79,23.4
134,5.01,42.0
135,2.50,21.0
136,2.80,23.5
137,1.61,13.5
138,4.88,40.9
139,4.52,37.9
140,1.80,15.1
141,5.72,48.0
142,4.17,35.0
143,1.62,13.6
144,2.56,17.7
145,3.98,33.4
146,1.95,16.4
147,3.94,33.1
148,3.75,31.4
149,3.41,21.6

1,1.24,10.4
2,1.24,10.4
3,1.24,10.4
4,2.74,23.0
5,1.06,8.86
6,1.06,8.86
7,1.06,8.86
8,1.11,9.32
9,1.12,9.38
10,1.12,9.38
11,1.68,14.1
12,1.36,11.5
13,1.31,11.0
14,1.37,11.5
15,1.37,11.5
16,1.43,12.0
17,1.43,12.0
18,1.05,8.84
19,2.11,17.7
20,1.25,10.4
21,1.50,12.5
22,1.74,14.6
23,1.43,12.0
24,1.37,11.5
25,1.37,11.5
26,1.81,15.1
27,2.74,23.0
28,1.24,10.4
29,1.31,11.0
30,1.37,11.5
31,2.86,24.0
32,1.68,14.1
33,1.87,15.7
34,1.87,15.7
35,3.05,25.5
36,1.98,16.7
37,1.49,12.5
38,1.12,9.36
39,1.06,8.86
40,2.37,19.9
41,2.49,20.9
42,3.36,28.2
43,3.37,28.2
44,2.72,22.8
45,1.92,16.1
46,1.92,16.1
47,2.99,25.0
48,1.74,14.6
49,3.18,26.7
50,3.27,27.5
51,3.04,25.5
52,2.02,17.0
53,1.96,16.4
54,1.97,16.5
55,2.18,18.3
56,1.92,16.1
57,1.38,11.6
58,1.68,14.1
59,3.39,28.5
60,4.19,35.2
61,4.02,33.7
62,4.12,34.6
63,2.37,19.9
64,2.62,22.0
65,1.41,11.8
66,1.15,9.64
67,2.25,18.9
68,2.62,22.0
69,3.78,31.7
70,2.42,20.3
71,2.62,22.0
72,3.88,32.5
73,3.85,32.3
74,1.37,11.5
75,1.43,12.0
76,3.71,31.1
77,3.75,31.5
78,2.74,23.0
79,1.79,15.1
80,3.75,31.5
81,3.53,29.6
82,1.48,12.5
83,2.20,18.5
84,1.42,11.9
85,2.99,25.1
86,3.62,30.4
87,1.62,13.6
88,3.22,27.0
89,2.50,21.0
90,2.80,23.5
91,2.04,17.1
92,3.75,31.5
93,1.43,12.0
94,3.59,30.1
95,1.48,12.4
96,3.25,27.2
97,3.11,26.1
98,3.62,30.4
99,1.68,14.1
100,2.62,22.0
101,2.80,23.5
102,3.43,28.8
103,3.62,30.4
104,1.43,12.0
105,2.21,18.5
106,3.42,28.7
107,1.55,13.0
108,3.27,27.4
109,1.74,14.6
110,3.75,31.5
111,2.04,17.1
112,3.88,32.5
113,2.80,23.5
114,3.36,28.2
115,1.43,12.0
116,2.30,19.3
117,3.11,26.1
118,3.75,31.5
119,1.67,14.0
120,3.20,26.8
121,1.74,14.6
122,2.50,21.0
123,2.23,18.7
124,3.75,31.5
125,2.99,25.1
126,3.85,32.3
127,1.65,13.8
128,1.55,13.0
129,3.75,31.5
130,3.18,26.7
131,3.16,26.5
132,2.50,21.0
133,1.80,15.1
134,2.29,19.2
135,2.55,21.4
136,3.75,31.5
137,2.55,21.4
138,3.48,29.2
139,2.08,17.4
140,1.30,10.9
141,3.62,30.4
142,1.21,10.1
143,3.75,31.4
144,4.03,33.8
145,3.67,30.8
146,3.27,27.4
147,1.67,14.0
148,2.04,17.1
149,2.30,19.3
150,1.18,9.90
151,1.37,11.5
152,2.18,13.6
153,1.74,14.6
154,1.36,11.5
155,1.43,12.0
156,1.86,15.6
157,1.49,12.5
158,1.31,11.0
159,1.74,14.6
160,1.74,14.6
161,1.18,9.91
162,1.93,16.2
163,1.99,16.7
164,1.24,10.4
165,2.18,18.3
166,2.62,22.0
167,1.28,5.86

1,1.24,10.4
2,1.24,10.4
3,1.24,10.4
4,2.74,23.0
5,1.06,8.86
6,1.06,8.86
7,1.06,8.86
8,2.42,20.3
9,1.73,14.6
10,1.12,9.41
11,1.12,9.41
12,1.12,9.41
13,3.30,27.7
14,1.37,11.5
15,1.37,11.5
16,1.37,11.5
17,3.30,27.7
18,2.23,18.7
19,1.62,13.6
20,1.56,13.1
21,1.49,12.5
22,4.88,41.0
23,1.24,10.4
24,1.24,10.4
25,1.37,11.5
26,3.72,31.2
27,2.62,22.0
28,1.43,12.0
29,1.49,12.5
30,1.49,12.5
31,4.88,40.9
32,3.75,31.5
33,1.43,12.0
34,1.18,9.89
35,1.49,12.5
36,1.74,14.6
37,3.62,30.4
38,1.93,16.2
39,2.30,19.3
40,2.30,19.3
41,1.67,14.0
42,5.00,41.9
43,1.74,14.6
44,2.57,21.6
45,2.61,21.9
46,3.05,25.6
47,3.89,32.6
48,3.42,28.7
49,2.11,17.7
50,2.93,24.6
51,1.69,14.2
52,3.06,25.7
53,1.95,16.4
54,2.35,19.7
55,1.77,14.8
56,3.38,28.4
57,3.77,31.7
58,2.44,20.5
59,3.59,30.1
60,1.88,15.8
61,2.61,21.9
62,2.30,19.3
63,2.49,20.9
64,1.98,16.6
65,3.42,28.7
66,2.04,17.1
67,1.36,11.4
68,1.86,15.6
69,4.87,40.9
70,2.43,20.4
71,2.43,20.4
72,4.39,36.8
73,2.17,18.2
74,1.55,13.0
75,2.64,22.1
76,4.54,38.1
77,1.92,16.1
78,2.50,21.0
79,2.18,18.3
80,3.53,29.6
81,2.24,18.8
82,2.33,19.6
83,1.67,14.0
84,1.99,16.7
85,4.89,41.1
86,2.43,20.4
87,2.28,19.2
88,2.11,17.7
89,4.48,37.6
90,3.62,30.3
91,1.68,14.1
92,2.37,19.9
93,2.12,17.8
94,3.39,28.5
95,1.99,16.7
96,3.60,30.2
97,1.48,12.4
98,1.93,16.2
99,3.54,29.7
100,3.61,30.3
101,2.18,18.3
102,2.17,18.2
103,3.34,28.0
104,2.12,17.8
105,3.76,31.6
106,1.80,15.1
107,1.54,13.0
108,3.71,31.1
109,3.88,32.5
110,2.11,17.7
111,2.75,23.0
112,2.36,19.8
113,3.88,32.5
114,2.36,19.8
115,2.23,18.7
116,4.00,33.6
117,2.17,18.2
118,2.49,20.9
119,3.88,32.5
120,2.98,25.0
121,2.50,20.9
122,5.12,43.0
123,3.78,31.7
124,2.50,21.0
125,2.75,23.1
126,3.36,28.2
127,2.23,18.7
128,2.51,21.1
129,5.00,41.9
130,4.00,33.6
131,2.17,14.8
132,3.56,29.9
133,3.75,31.5
134,3.88,32.5
135,3.62,30.4
136,5.00,41.9
137,3.75,31.5
138,3.62,30.4
139,3.75,31.5
140,4.25,35.7
141,4.62,38.8
142,5.38,45.1
143,1.08,9.37
144,6.50,54.5

1,1.24,10.4
2,1.24,10.4
3,1.24,10.4
4,1.24,10.4
5,1.06,8.86
6,1.06,8.86
7,1.06,8.86
8,1.06,8.86
9,1.12,9.38
10,1.12,9.38
11,1.12,9.38
12,1.12,9.38
13,1.31,11.0
14,1.31,11.0
15,1.31,11.0
16,1.31,11.0
17,1.43,12.0
18,1.30,10.9
19,1.30,10.9
20,1.30,10.9
21,1.37,11.5
22,1.37,11.5
23,1.37,11.5
24,1.37,11.5
25,1.43,12.0
26,1.30,10.9
27,1.18,9.89
28,1.05,8.84
29,1.06,8.87
30,1.18,9.92
31,1.80,15.1
32,1.74,14.6
33,1.74,14.6
34,1.74,14.6
35,1.86,15.6
36,1.36,11.5
37,1.36,11.5
38,1.61,13.5
39,2.12,17.8
40,1.68,14.1
41,1.80,15.1
42,2.18,18.3
43,2.68,22.5
44,2.30,19.3
45,2.30,19.3
46,2.67,22.4
47,2.68,22.5
48,2.74,23.0
49,2.43,20.4
50,3.42,28.7
51,2.50,21.0
52,1.97,16.6
53,3.42,28.6
54,3.65,30.6
55,1.91,16.0
56,1.89,15.9
57,1.61,13.5
58,1.37,11.5
59,4.17,34.9
60,3.57,29.9
61,3.47,29.1
62,3.50,29.4
63,1.76,14.8
64,1.72,14.4
65,2.97,24.9
66,2.30,19.3
67,3.28,27.6
68,3.36,28.2
69,2.12,17.8
70,2.11,17.7
71,2.31,19.3
72,4.12,34.6
73,1.92,16.1
74,3.49,29.3
75,2.43,20.3
76,2.04,17.1
77,2.11,17.7
78,2.30,19.3
79,2.25,18.8
80,3.74,31.4
81,3.35,28.1
82,3.46,29.0
83,2.55,21.4
84,2.43,20.4
85,2.98,25.0
86,2.04,17.1
87,3.74,31.4
88,1.79,15.1
89,3.36,28.1
90,3.50,29.4
91,2.17,18.2
92,2.18,18.3
93,2.36,19.8
94,2.56,21.5
95,2.11,17.7
96,2.24,18.8
97,3.69,30.9
98,2.45,20.6
99,1.92,16.1
100,2.42,20.3
101,3.48,29.2
102,2.31,19.3
103,2.49,20.9
104,2.04,17.1
105,4.91,41.2
106,2.43,20.4
107,2.44,20.5
108,2.23,18.7
109,3.42,28.7
110,2.56,21.5
111,2.17,18.2
112,3.29,27.6
113,4.88,41.0
114,2.10,17.7
115,2.40,20.2
116,2.04,17.1
117,2.42,20.3
118,3.43,28.7
119,2.23,18.7
120,2.37,19.9
121,2.17,18.2
122,2.74,23.0
123,2.29,19.2
124,2.56,21.5
125,3.67,30.8
126,2.17,18.2
127,2.27,19.1
128,2.30,19.3
129,1.79,15.0
130,3.24,27.2
131,2.81,23.5
132,3.61,30.3
133,4.77,40.0
134,1.91,16.1
135,3.75,31.5
136,1.68,14.1
137,2.72,22.8
138,2.05,17.2
139,1.55,13.0
140,2.49,20.9
141,2.45,14.9
142,2.30,19.3
143,2.61,21.9
144,2.48,20.8
145,2.42,20.3
146,2.55,21.4
147,3.74,31.3
148,2.75,23.1
149,3.60,30.2
150,2.61,21.9
151,2.75,23.1
152,2.55,21.4
153,3.91,32.8
154,2.75,23.1
155,2.73,22.9
156,3.73,31.3
157,2.48,20.8
158,2.75,23.1
159,4.05,33.9
160,2.29,19.2
161,1.60,11.0
162,1.98,12.7
163,3.54,29.7

1,1.24,10.4
2,1.24,10.4
3,1.24,10.4
4,2.74,23.0
5,1.06,8.86
6,1.06,8.86
7,1.06,8.86
8,2.42,20.3
9,1.67,14.0
10,1.12,9.41
11,1.12,9.41
12,1.12,9.41
13,3.36,28.2
14,1.37,11.5
15,1.37,11.5
16,1.37,11.5
17,3.36,28.2
18,2.29,19.2
19,1.56,13.1
20,1.49,12.5
21,1.56,13.1
22,4.83,40.5
23,1.24,10.4
24,1.24,10.4
25,1.37,11.5
26,3.89,32.7
27,2.48,20.8
28,1.49,12.5
29,1.56,13.1
30,1.56,13.1
31,5.00,41.9
32,3.75,31.5
33,1.18,9.89
34,1.12,9.36
35,1.81,15.2
36,1.81,15.1
37,1.99,16.7
38,3.62,30.4
39,2.36,19.8
40,1.86,15.6
41,1.67,14.0
42,5.12,43.0
43,2.51,21.1
44,2.18,18.3
45,3.05,25.6
46,2.98,25.0
47,3.89,32.7
48,2.36,19.8
49,1.80,15.1
50,2.50,20.9
51,3.04,25.5
52,2.09,17.5
53,2.03,17.0
54,1.69,14.2
55,2.20,18.4
56,1.59,13.3
57,1.28,10.7
58,3.42,28.7
59,1.19,10.0
60,2.30,19.3
61,3.00,25.1
62,4.83,40.5
63,3.60,30.2
64,2.61,21.9
65,3.05,25.6
66,3.61,30.3
67,3.73,31.3
68,2.11,17.7
69,2.42,20.3
70,2.74,23.0
71,4.00,33.6
72,1.92,16.1
73,1.49,12.5
74,2.62,22.0
75,2.62,22.0
76,2.18,18.3
77,4.87,40.8
78,1.36,11.4
79,2.20,18.4
80,3.88,32.5
81,1.99,16.7
82,3.31,27.8
83,1.99,16.7
84,3.88,32.5
85,2.31,19.4
86,2.25,18.8
87,1.48,12.4
88,3.42,28.7
89,3.75,31.5
90,2.50,21.0
91,2.11,17.7
92,3.41,28.6
93,2.98,25.0
94,3.88,32.5
95,2.31,19.4
96,1.48,12.5
97,3.57,29.9
98,1.61,13.5
99,1.42,11.9
100,2.29,19.2
101,3.75,31.5
102,2.05,17.2
103,3.51,29.4
104,1.62,13.6
105,3.75,31.5
106,2.75,23.1
107,3.64,30.5
108,2.98,25.0
109,3.88,32.5
110,2.86,24.0
111,2.37,19.9
112,2.62,22.0
113,2.29,19.2
114,2.98,25.0
115,2.31,19.3
116,1.79,15.1
117,5.25,44.0
118,2.54,21.3
119,4.00,33.6
120,2.24,18.8
121,2.98,25.0
122,3.75,31.5
123,3.81,31.9
124,3.88,32.5
125,2.11,17.7
126,2.17,18.2
127,3.88,32.5
128,3.80,31.9
129,4.90,41.1
130,2.50,21.0
131,2.04,17.1
132,4.77,40.1
133,3.88,32.5
134,4.73,39.7
135,3.75,31.5
136,2.50,21.0
137,5.00,41.9
138,4.80,40.2
139,3.78,31.7
140,3.75,31.5
141,4.88,40.9
142,4.39,36.8
143,1.81,15.5
144,3.54,19.1

1,1.24,10.4
2,1.24,10.4
3,1.24,10.4
4,1.24,10.4
5,1.06,8.86
6,1.06,8.86
7,1.06,8.86
8,1.06,8.86
9,1.12,9.38
10,1.12,9.38
11,1.12,9.38
12,1.12,9.38
13,1.37,11.5
14,1.31,11.0
15,1.31,11.0
16,1.37,11.5
17,1.43,12.0
18,1.43,12.0
19,1.30,10.9
20,1.30,10.9
21,1.37,11.5
22,1.37,11.5
23,1.37,11.5
24,1.37,11.5
25,1.49,12.5
26,1.43,12.0
27,1.05,8.84
28,1.18,9.89
29,1.12,9.40
30,1.06,8.87
31,1.81,15.1
32,1.74,14.6
33,1.68,14.1
34,1.74,14.6
35,1.61,13.5
36,1.61,13.5
37,1.43,12.0
38,1.43,12.0
39,2.05,17.2
40,1.80,15.1
41,1.93,16.2
42,2.12,17.8
43,2.68,22.5
44,2.68,22.5
45,2.11,17.7
46,2.36,19.8
47,2.68,22.5
48,3.52,29.5
49,3.54,29.7
50,3.66,30.7
51,2.05,17.2
52,2.04,17.1
53,2.20,18.4
54,3.42,28.7
55,1.95,16.3
56,2.13,17.9
57,1.81,15.2
58,1.54,13.0
59,3.55,29.7
60,3.65,30.6
61,4.44,37.2
62,3.61,30.3
63,2.22,18.7
64,1.77,14.8
65,1.23,10.3
66,2.82,23.6
67,2.56,21.5
68,1.49,12.5
69,2.52,21.1
70,1.92,16.1
71,3.23,27.1
72,2.55,21.4
73,2.17,18.2
74,2.11,17.7
75,2.61,21.9
76,3.42,28.7
77,1.36,11.4
78,1.93,16.2
79,3.86,32.4
80,3.29,27.6
81,2.11,17.7
82,2.17,18.2
83,2.36,19.8
84,1.81,15.1
85,2.10,17.7
86,2.61,21.9
87,1.55,13.0
88,1.67,14.0
89,2.56,21.5
90,3.54,29.7
91,1.93,16.2
92,3.86,32.4
93,2.75,23.1
94,2.17,18.2
95,2.92,24.5
96,2.36,19.8
97,1.73,14.5
98,2.75,23.1
99,3.42,28.7
100,1.74,14.6
101,1.80,15.1
102,3.60,30.2
103,1.74,14.6
104,3.48,29.2
105,2.17,18.2
106,2.23,18.7
107,3.23,27.1
108,2.36,19.8
109,2.17,18.2
110,3.54,29.7
111,1.92,16.1
112,3.23,27.1
113,2.56,21.5
114,3.54,29.7
115,1.68,14.1
116,3.54,29.7
117,2.75,23.1
118,2.35,19.7
119,2.55,21.4
120,3.23,27.1
121,1.48,12.5
122,1.73,14.5
123,2.75,23.1
124,3.67,30.8
125,2.42,20.3
126,2.74,23.0
127,3.11,26.1
128,3.79,31.8
129,1.79,15.0
130,2.51,21.1
131,3.66,30.7
132,2.98,25.0
133,2.88,24.2
134,3.10,26.0
135,1.55,13.0
136,3.12,26.1
137,2.28,19.1
138,1.85,15.5
139,2.14,18.0
140,3.75,31.4
141,4.43,37.2
142,2.87,24.1
143,3.66,30.7
144,2.53,21.2
145,1.60,13.5
146,1.74,14.6
147,2.24,18.8
148,2.68,22.5
149,1.33,7.09
150,1.68,14.1
151,2.36,19.8
152,3.30,27.7
153,1.05,8.83
154,2.23,18.7
155,1.93,16.2
156,3.67,30.8
157,1.93,16.2
158,3.61,30.3
159,2.35,19.7
160,1.30,10.9
161,1.93,16.2
162,3.68,30.8
163,1.93,16.2
164,1.43,12.0
165,1.74,14.6
166,1.93,16.2
167,1.61,13.5
168,1.68,14.1
169,2.24,18.8
170,2.05,17.2
171,1.32,5.69

1,1.24,10.4
2,1.24,10.4
3,1.24,10.4
4,2.74,23.0
5,1.06,8.86
6,1.06,8.86
7,1.06,8.86
8,1.11,9.32
9,1.12,9.38
10,1.68,14.1
11,1.24,10.4
12,1.31,11.0
13,1.37,11.5
14,1.37,11.5
15,1.56,13.1
16,1.43,12.0
17,2.11,17.7
18,1.37,11.5
19,1.37,11.5
20,1.74,14.6
21,1.37,11.5
22,1.37,11.5
23,1.30,10.9
24,1.81,15.1
25,2.74,23.0
26,1.24,10.4
27,1.43,12.0
28,1.37,11.5
29,2.79,23.4
30,1.80,15.1
31,1.74,14.6
32,1.87,15.7
33,1.87,15.7
34,2.17,18.2
35,1.61,13.5
36,1.05,8.85
37,2.43,20.4
38,2.49,20.9
39,3.67,30.8
40,3.12,26.1
41,3.76,31.5
42,2.17,18.2
43,1.92,16.1
44,1.86,15.6
45,2.49,20.9
46,2.88,24.2
47,2.26,19.0
48,3.28,27.5
49,2.56,21.5
50,1.96,16.5
51,3.00,25.1
52,2.50,21.0
53,1.52,12.8
54,1.31,11.0
55,1.24,10.4
56,2.65,22.2
57,2.35,19.7
58,3.62,30.4
59,3.88,32.5
60,4.34,36.4
61,2.01,16.9
62,2.23,18.7
63,2.12,17.8
64,2.71,22.7
65,2.56,21.5
66,1.86,15.6
67,3.66,30.7
68,3.99,33.5
69,2.62,22.0
70,3.88,32.5
71,2.11,17.7
72,3.50,29.4
73,1.19,9.96
74,1.37,11.5
75,1.24,10.4
76,2.79,23.4
77,3.54,29.7
78,1.78,14.9
79,3.46,29.0
80,2.43,20.4
81,2.48,20.8
82,2.61,21.9
83,3.48,29.2
84,1.99,16.7
85,1.86,15.6
86,2.75,23.1
87,1.30,10.9
88,3.73,31.3
89,2.11,17.7
90,2.75,23.1
91,2.91,24.4
92,2.11,17.7
93,2.30,19.3
94,3.48,29.2
95,2.42,20.3
96,3.94,33.0
97,2.74,23.0
98,2.05,17.2
99,2.75,23.1
100,1.24,10.4
101,2.24,18.8
102,3.69,31.0
103,2.36,19.8
104,4.28,35.9
105,2.24,18.8
106,2.42,20.3
107,2.24,18.8
108,4.12,34.6
109,2.44,20.4
110,2.11,17.7
111,3.60,30.2
112,1.43,12.0
113,2.24,18.8
114,3.93,33.0
115,2.36,19.8
116,3.55,29.8
117,2.17,18.2
118,2.55,21.4
119,1.99,16.7
120,4.12,34.6
121,2.04,17.1
122,2.38,20.0
123,3.55,29.8
124,1.68,14.1
125,2.62,22.0
126,1.99,16.7
127,2.42,20.3
128,4.28,35.9
129,2.24,18.8
130,2.07,17.3
131,1.86,15.6
132,2.57,15.9
133,2.79,23.4
134,2.30,19.3
135,2.18,18.3
136,2.55,21.4
137,3.82,32.0
138,2.05,17.2
139,3.91,32.8
140,3.53,29.6
141,3.05,25.5
142,2.31,19.4
143,3.90,32.7
144,2.30,19.3
145,1.31,10.8
146,2.75,23.1
147,3.48,29.2
148,4.12,34.6
149,3.82,32.0
150,2.62,22.0
151,3.88,32.5
152,2.62,22.0
153,5.12,43.0
154,2.45,18.8
155,3.75,31.5
156,3.75,31.5
157,2.49,19.2
